CREATE DATABASE  IF NOT EXISTS `bank_db` /*!40100 DEFAULT CHARACTER SET utf8mb4 COLLATE utf8mb4_0900_ai_ci */ /*!80016 DEFAULT ENCRYPTION='N' */;
USE `bank_db`;
-- MySQL dump 10.13  Distrib 8.0.40, for Win64 (x86_64)
--
-- Host: 127.0.0.1    Database: bank_db
-- ------------------------------------------------------
-- Server version	8.0.40

/*!40101 SET @OLD_CHARACTER_SET_CLIENT=@@CHARACTER_SET_CLIENT */;
/*!40101 SET @OLD_CHARACTER_SET_RESULTS=@@CHARACTER_SET_RESULTS */;
/*!40101 SET @OLD_COLLATION_CONNECTION=@@COLLATION_CONNECTION */;
/*!50503 SET NAMES utf8 */;
/*!40103 SET @OLD_TIME_ZONE=@@TIME_ZONE */;
/*!40103 SET TIME_ZONE='+00:00' */;
/*!40014 SET @OLD_UNIQUE_CHECKS=@@UNIQUE_CHECKS, UNIQUE_CHECKS=0 */;
/*!40014 SET @OLD_FOREIGN_KEY_CHECKS=@@FOREIGN_KEY_CHECKS, FOREIGN_KEY_CHECKS=0 */;
/*!40101 SET @OLD_SQL_MODE=@@SQL_MODE, SQL_MODE='NO_AUTO_VALUE_ON_ZERO' */;
/*!40111 SET @OLD_SQL_NOTES=@@SQL_NOTES, SQL_NOTES=0 */;

--
-- Table structure for table `accounts`
--

DROP TABLE IF EXISTS `accounts`;
/*!40101 SET @saved_cs_client     = @@character_set_client */;
/*!50503 SET character_set_client = utf8mb4 */;
CREATE TABLE `accounts` (
  `account_id` int NOT NULL AUTO_INCREMENT,
  `account_number` char(10) DEFAULT NULL,
  `account_type` varchar(50) DEFAULT NULL,
  `branch_code` char(5) DEFAULT NULL,
  `initial_deposit` decimal(10,2) DEFAULT NULL,
  `mode_of_operation` varchar(50) DEFAULT NULL,
  `customer_id` int DEFAULT NULL,
  PRIMARY KEY (`account_id`),
  KEY `customer_id` (`customer_id`),
  CONSTRAINT `accounts_ibfk_1` FOREIGN KEY (`customer_id`) REFERENCES `bank_customers` (`customer_id`)
) ENGINE=InnoDB AUTO_INCREMENT=103 DEFAULT CHARSET=utf8mb4 COLLATE=utf8mb4_0900_ai_ci;
/*!40101 SET character_set_client = @saved_cs_client */;

--
-- Dumping data for table `accounts`
--

LOCK TABLES `accounts` WRITE;
/*!40000 ALTER TABLE `accounts` DISABLE KEYS */;
INSERT INTO `accounts` VALUES (1,'1691419913','Current','BR462',43895.75,NULL,1),(2,'8745264221','Current','BR385',NULL,NULL,2),(3,'7158647025','Current','BR273',35741.30,'Self',3),(4,'3127615315','Current','BR233',NULL,NULL,4),(5,'9857597844','Savings','BR099',44362.33,NULL,5),(6,'2438814721','Savings','BR078',25234.55,'Joint',6),(7,'8899866595','Current','BR357',NULL,'Joint',7),(8,'2807201802','Savings','BR105',48188.85,'Self',8),(9,'4310325689','Savings','BR563',20689.02,NULL,9),(10,'6093907062','Current','BR319',11462.71,NULL,10),(11,'2544758675','Savings','BR484',34112.33,NULL,11),(12,'7856564037','Savings','BR466',30809.62,'Self',12),(13,'2273293148','Current','BR829',48947.24,'Self',13),(14,'2717362108','Current','BR011',20438.11,'Self',14),(15,'9229355116','Savings','BR725',23195.93,'Self',15),(16,'9839399794','Current','BR126',26522.41,NULL,16),(17,'1322445275','Current','BR811',8567.57,'Self',17),(18,'6003563569','Savings','BR151',NULL,NULL,18),(19,'7974360552','Current','BR184',47378.63,NULL,19),(20,'7092289571','Savings','BR647',48098.94,NULL,20),(21,'4060712454','Current','BR927',45232.80,NULL,21),(22,'7095260429','Current','BR216',27358.51,'Self',22),(23,'8782652859','Current','BR211',1435.96,'Self',23),(24,'3137306545','Current','BR947',39691.53,NULL,24),(25,'8047637089','Savings','BR653',31406.37,'Self',25),(26,'9542243156','Current','BR244',49113.79,'Joint',26),(27,'9260126611','Current','BR938',27875.73,'Joint',27),(28,'1357891229','Savings','BR990',12745.60,'Self',28),(29,'7438071009','Current','BR327',26629.46,'Self',29),(30,'3849912580','Current','BR954',17097.51,'Joint',30),(31,'8394096515','Savings','BR451',NULL,'Joint',31),(32,'4925009606','Current','BR369',40095.84,'Joint',32),(33,'7402978100','Savings','BR126',35280.17,'Joint',33),(34,'6923810066','Savings','BR426',37002.80,'Self',34),(35,'0568385930','Savings','BR678',19403.00,NULL,35),(36,'0357293303','Savings','BR145',NULL,'Self',36),(37,'5422964061','Savings','BR972',3996.65,'Self',37),(38,'6366287950','Savings','BR983',26431.18,'Joint',38),(39,'3867391812','Current','BR240',36005.91,'Self',39),(40,'5129892864','Current','BR052',NULL,'Self',40),(41,'0837946039','Current','BR435',9162.47,'Self',41),(42,'1475404154','Current','BR353',41277.05,NULL,42),(43,'3336184256','Savings','BR080',23128.98,NULL,43),(44,'8614384118','Savings','BR685',20499.73,'Self',44),(45,'2214427438','Savings','BR931',40074.23,NULL,45),(46,'7356451275','Savings','BR821',23461.99,'Joint',46),(47,'7675947240','Savings','BR617',30215.78,'Joint',47),(48,'9211634169','Savings','BR480',32279.81,'Joint',48),(49,'9066853321','Current','BR189',44501.31,'Joint',49),(50,'2457836299','Current','BR252',43860.25,NULL,50),(52,'9876543210','Savings','BR001',15000.00,'Self',52),(53,'1691419913','Current','BR462',43895.75,NULL,1),(54,'8745264221','Current','BR385',NULL,NULL,2),(55,'7158647025','Current','BR273',35741.30,'Self',3),(56,'3127615315','Current','BR233',NULL,NULL,4),(57,'9857597844','Savings','BR099',44362.33,NULL,5),(58,'2438814721','Savings','BR078',25234.55,'Joint',6),(59,'8899866595','Current','BR357',NULL,'Joint',7),(60,'2807201802','Savings','BR105',48188.85,'Self',8),(61,'4310325689','Savings','BR563',20689.02,NULL,9),(62,'6093907062','Current','BR319',11462.71,NULL,10),(63,'2544758675','Savings','BR484',34112.33,NULL,11),(64,'7856564037','Savings','BR466',30809.62,'Self',12),(65,'2273293148','Current','BR829',48947.24,'Self',13),(66,'2717362108','Current','BR011',20438.11,'Self',14),(67,'9229355116','Savings','BR725',23195.93,'Self',15),(68,'9839399794','Current','BR126',26522.41,NULL,16),(69,'1322445275','Current','BR811',8567.57,'Self',17),(70,'6003563569','Savings','BR151',NULL,NULL,18),(71,'7974360552','Current','BR184',47378.63,NULL,19),(72,'7092289571','Savings','BR647',48098.94,NULL,20),(73,'4060712454','Current','BR927',45232.80,NULL,21),(74,'7095260429','Current','BR216',27358.51,'Self',22),(75,'8782652859','Current','BR211',1435.96,'Self',23),(76,'3137306545','Current','BR947',39691.53,NULL,24),(77,'8047637089','Savings','BR653',31406.37,'Self',25),(78,'9542243156','Current','BR244',49113.79,'Joint',26),(79,'9260126611','Current','BR938',27875.73,'Joint',27),(80,'1357891229','Savings','BR990',12745.60,'Self',28),(81,'7438071009','Current','BR327',26629.46,'Self',29),(82,'3849912580','Current','BR954',17097.51,'Joint',30),(83,'8394096515','Savings','BR451',NULL,'Joint',31),(84,'4925009606','Current','BR369',40095.84,'Joint',32),(85,'7402978100','Savings','BR126',35280.17,'Joint',33),(86,'6923810066','Savings','BR426',37002.80,'Self',34),(87,'0568385930','Savings','BR678',19403.00,NULL,35),(88,'0357293303','Savings','BR145',NULL,'Self',36),(89,'5422964061','Savings','BR972',3996.65,'Self',37),(90,'6366287950','Savings','BR983',26431.18,'Joint',38),(91,'3867391812','Current','BR240',36005.91,'Self',39),(92,'5129892864','Current','BR052',NULL,'Self',40),(93,'0837946039','Current','BR435',9162.47,'Self',41),(94,'1475404154','Current','BR353',41277.05,NULL,42),(95,'3336184256','Savings','BR080',23128.98,NULL,43),(96,'8614384118','Savings','BR685',20499.73,'Self',44),(97,'2214427438','Savings','BR931',40074.23,NULL,45),(98,'7356451275','Savings','BR821',23461.99,'Joint',46),(99,'7675947240','Savings','BR617',30215.78,'Joint',47),(100,'9211634169','Savings','BR480',32279.81,'Joint',48),(101,'9066853321','Current','BR189',44501.31,'Joint',49),(102,'2457836299','Current','BR252',43860.25,NULL,50);
/*!40000 ALTER TABLE `accounts` ENABLE KEYS */;
UNLOCK TABLES;

--
-- Table structure for table `bank_customers`
--

DROP TABLE IF EXISTS `bank_customers`;
/*!40101 SET @saved_cs_client     = @@character_set_client */;
/*!50503 SET character_set_client = utf8mb4 */;
CREATE TABLE `bank_customers` (
  `customer_id` int NOT NULL AUTO_INCREMENT,
  `full_name` varchar(100) DEFAULT NULL,
  `address` varchar(255) DEFAULT NULL,
  `contact_number` varchar(20) DEFAULT NULL,
  `email` varchar(100) DEFAULT NULL,
  `date_of_birth` date DEFAULT NULL,
  `pan_number` char(10) DEFAULT NULL,
  `aadhaar_number` char(12) DEFAULT NULL,
  `gender` varchar(10) DEFAULT NULL,
  PRIMARY KEY (`customer_id`)
) ENGINE=InnoDB AUTO_INCREMENT=53 DEFAULT CHARSET=utf8mb4 COLLATE=utf8mb4_0900_ai_ci;
/*!40101 SET character_set_client = @saved_cs_client */;

--
-- Dumping data for table `bank_customers`
--

LOCK TABLES `bank_customers` WRITE;
/*!40000 ALTER TABLE `bank_customers` DISABLE KEYS */;
INSERT INTO `bank_customers` VALUES (1,'Norma Fisher','4759 William Haven Apt. 194, West Corey, TX 43780','815.659.3877x84','cortezraymond@garrett.com','1975-11-29','pZjZI51393','200708262468',NULL),(2,'Calvin Cook','PSC 3989, Box 4719, APO AA 42056','001-342-320-947','nancymclean@villanueva.biz','2007-04-22','RLALr84833','643101033089',NULL),(3,'Sarah Sanchez','352 Simmons Circle, Port Dustinbury, OK 83627','+1-910-139-9161','johnsonandrew@gmail.com','1967-09-29','BNgqe73008','178257865849',NULL),(4,'Brian Mcneil','792 Tammy Centers Apt. 258, Davidmouth, HI 02231','698.456.4280x71','johnbenton@yahoo.com','2000-10-31','TtyVA45992','816524681435',NULL),(5,'Jerome Page','69602 Brown Squares Apt. 787, North Troyport, NH 07035','(381)206-6503x0','franklinjames@ramirez-good.com','1991-09-05','ZYhqi61047','674037699201',NULL),(6,'David Edwards','977 Watson Plain, East Nicholas, AL 18648','(455)515-9004','tinaroberts@hays-anderson.com','1991-11-05','Uetzv30428','556551697121',NULL),(7,'Brian Jimenez','229 Drake Route Apt. 113, North Paul, MO 73439','477.936.1534x92','shortmelissa@leach.com','1967-05-28','ZnNjg76430','603361448480',NULL),(8,'Jared Frazier','577 Amy Forges Apt. 555, New Eddieview, WY 20935','(947)118-0132x0','laurenmelton@yahoo.com','1984-07-31','KfRYZ86880','935448441412',NULL),(9,'William Bruce','Unit 9930 Box 0248, DPO AP 33853','174-466-6022x34','mthomas@hotmail.com','1964-11-12',NULL,'867397027320',NULL),(10,'Brian Osborne','518 Lee Tunnel, Rodriguezton, UT 61736','+1-519-426-4183','stanleyclarke@gmail.com','1962-05-08','QKKno07408','950805001904',NULL),(11,'Keith Livingston','USCGC Brown, FPO AA 20968','001-076-607-541','gregory35@gmail.com','1999-11-29','VasxS23031','356000873871',NULL),(12,'Chelsea Rodriguez','03557 Phillips Wells Suite 291, New Beverlyburgh, FL 16915','583.324.5602','emiller@fisher.biz','1968-12-29','pCOxO96451','683896216545',NULL),(13,'Jason Butler','3547 Stephanie Underpass Apt. 418, Port Jacqueline, HI 55774','(237)582-5717x3','robinsondanny@hotmail.com','1979-10-22','fRFWo89267','939853971754',NULL),(14,'Joseph Perkins','454 Caitlin Camp, Port Joseside, DE 69993','216.448.2983','isosa@figueroa-strong.com','1979-03-15',NULL,'509921834673',NULL),(15,'Brenda Barnett','637 Neal Island Suite 074, Lake Tyler, RI 28775','5760811605','oliveryvonne@lyons.org','1978-11-27','ykvAP31675','855472725657',NULL),(16,'Cody Bailey','Unit 6763 Box 3739, DPO AP 07027','(031)250-2394x9','oellis@hotmail.com','1994-06-08',NULL,'737504592073',NULL),(17,'Anthony Bailey','16396 Shawn Junction, New Nicolemouth, ND 60236','408-035-1385x33','timothy30@yahoo.com','1996-11-15','dZAFD10777','230739270949',NULL),(18,'Billy Simmons','23732 Michael Island Suite 184, Lake Kenneth, NY 79756','844.301.9126x33','htrevino@brewer-wilson.org','1983-09-26',NULL,'839720339194',NULL),(19,'Cynthia Fuller','08855 Lisa Wells, Mooreburgh, CA 18271','001-379-332-365','tracy40@peters.info','1992-01-15','MzTmu85142','421200713001',NULL),(20,'Anthony Johnson','7345 Kevin Knolls, Lake Crystalstad, NM 82791','0300351056','shanethomas@thompson-murphy.biz','1985-05-09','ZVRTD06488','146209922616',NULL),(21,'Sean Palmer','53230 Julia Villages, Lake Christian, PA 14087','+1-729-904-5600','stephenromero@gmail.com','1986-11-08','tHsJE54760','138557328068',NULL),(22,'Jennifer Crawford','9438 Hughes Village, Jasonshire, IA 77328','+1-852-250-9092','kburke@gmail.com','1968-11-21','aUEQQ90725','382517011957',NULL),(23,'Amy Fowler','4440 Osborne Viaduct Suite 488, Veronicaborough, WY 57084','(082)965-7086','coxtina@frazier.com','2002-01-13','rlWAe70393','592087891761',NULL),(24,'Tanya Walters','USNV Kim, FPO AA 80414','140-704-3666x60','mark06@mccall-taylor.com','1997-10-28',NULL,'481672048612',NULL),(25,'Benjamin Love','50562 Russell Divide Apt. 648, East Davidberg, NJ 92947','+1-080-862-5911','isabella44@hotmail.com','1990-05-17','OLlPG27820','446851645707',NULL),(26,'Gene Rios','185 Lisa Common, South Cathyshire, MA 50054','512.502.2059x30',NULL,'1985-10-26','AdCwM09251','782478211790',NULL),(27,'Dennis Avery','05026 Marcus Turnpike, Alvarezton, MO 34873','8115517028','smithmatthew@hotmail.com','2006-09-03','NvbEO22223','536705590853',NULL),(28,'Christopher Fisher','9029 Gloria Stravenue, East Andrew, MD 67359','0019922606','jennifer25@hotmail.com','1974-01-21','KQwgB86126','580588390622',NULL),(29,'Kevin Houston','Unit 8580 Box 9973, DPO AA 05783','+1-561-802-6066','genewells@gmail.com','1999-06-23','jOwXE48155','669642670927',NULL),(30,'Andrew Arnold','6352 Daniel Knolls Apt. 069, Fordland, NE 71923','001-822-232-308','langrobin@yahoo.com','1977-02-15','SjyVV25858','437393212587',NULL),(31,'Whitney Hess','09981 Caitlin Rapids, West Haleyburgh, CO 05222','1575175947','annawilcox@deleon.com','1961-01-24','CTRzq28693','744336014943',NULL),(32,'Angie Chapman','79148 Pierce Lock Suite 423, Erikberg, CA 09478','696.814.7314x25','brendagonzalez@atkins.org','1992-09-05','gRapo17855','443529687366',NULL),(33,'Eric Henderson','34375 Cruz Curve Apt. 658, Perezstad, MI 57113','564-174-1725x32','danielreyes@yahoo.com','1990-12-11',NULL,'609011754920',NULL),(34,'Joseph Smith','60906 Joseph Stream Suite 212, Anthonyton, MS 70569','2199317308','herrerasara@gmail.com','1987-08-01','yWcNr67063','740072760288',NULL),(35,'Tony Espinoza','263 Harris Pass, New Danielfort, NY 59180','278.526.4619x85','timothy60@cummings-smith.biz','1989-09-01','EjoCs36347','818805628445',NULL),(36,'Dr. Charles Decker','8102 Johnson Ways, Port Rachel, TX 25094','(732)605-8352x8','knolan@george.com','1992-07-03','cdipC95830','842488848506',NULL),(37,'Corey Watson PhD','5712 Karen Terrace Apt. 678, West Janet, MO 27675','699-683-0287','estephens@gmail.com','2000-06-21',NULL,'907325149523',NULL),(38,'Adrian Barnes DDS','90985 Steven Creek, Ramirezbury, MS 98277','539.410.2599x71','bdaniel@gmail.com','1988-11-11',NULL,'832752151465',NULL),(39,'Deborah Wilson','880 Robertson Bridge, South Lori, KS 43961','(519)861-4918','toddmeyer@reed.com','1971-05-16','wkrUw36397','337085599572',NULL),(40,'Erin Brennan','19041 Jennifer Flats Suite 716, Martinezshire, MD 23325','364-000-4155x84',NULL,'2006-06-04','YyArL82490','375846163825',NULL),(41,'Anthony Mccarthy','14122 Smith Terrace, Aliciaville, IA 66015','466-702-8533x23','amy23@butler.com','1997-06-02','XtZYT29238','124661636513',NULL),(42,'James Fox','010 Julie Mission, Tracistad, MO 34350','001-129-330-081','georgemichael@yahoo.com','1984-04-15',NULL,'651032936927',NULL),(43,'Dawn Johnson','657 Alexander Mountains, Sharonmouth, SC 79549','(696)849-3363x4','qstark@turner-escobar.net','1962-11-11',NULL,'902254611880',NULL),(44,'David Vazquez','0329 Rebecca Shore, Chelseaview, TX 86571','0924367551','lyonskayla@gmail.com','1999-09-22','mulYl84536','823686126282',NULL),(45,'Amy Merritt','164 Schultz Road, Lake Bryan, MD 86618','001-477-954-172',NULL,'2000-09-08','XiRQX76296','223641618334',NULL),(46,'Ashley Lopez','USNV Parks, FPO AE 90229','001-644-158-810','ublackwell@hotmail.com','1968-11-13','nAbdM16930','541445397964',NULL),(47,'Jill Daniels','392 Barbara Heights, Johnnyfurt, AL 83909','8104228215','mary59@miller.com','1990-01-03',NULL,'848749432739',NULL),(48,'Ricardo Daniels','26852 Douglas Bypass, Newmanville, CA 69229','945-769-5978x53',NULL,'1961-11-14',NULL,'524021519809',NULL),(49,'Jacob Wang','810 Williams Lakes, West Joseph, WV 55431','3752078264','robinmann@hotmail.com','2000-02-16','uBKXO29759','663259564346',NULL),(50,'Victor Herrera','3959 Marc Divide Suite 828, South Timothyburgh, MI 79830','187.346.4835','jessica03@gmail.com','2000-05-29','GsSFA28714','447093150905',NULL),(52,'Karan Mehta','101 Skyline Towers, Mumbai','9998887776','updatedemail@example.com','1992-08-15','ABCDE1234M','123456789012','Male');
/*!40000 ALTER TABLE `bank_customers` ENABLE KEYS */;
UNLOCK TABLES;

--
-- Table structure for table `customers`
--

DROP TABLE IF EXISTS `customers`;
/*!40101 SET @saved_cs_client     = @@character_set_client */;
/*!50503 SET character_set_client = utf8mb4 */;
CREATE TABLE `customers` (
  `customer_id` int NOT NULL AUTO_INCREMENT,
  `name` varchar(100) DEFAULT NULL,
  `address` varchar(255) DEFAULT NULL,
  `contact_number` varchar(20) DEFAULT NULL,
  `email` varchar(100) DEFAULT NULL,
  `date_of_birth` date DEFAULT NULL,
  `pan_number` char(10) DEFAULT NULL,
  `aadhaar_number` char(12) DEFAULT NULL,
  `gender` varchar(10) DEFAULT NULL,
  PRIMARY KEY (`customer_id`)
) ENGINE=InnoDB AUTO_INCREMENT=51 DEFAULT CHARSET=utf8mb4 COLLATE=utf8mb4_0900_ai_ci;
/*!40101 SET character_set_client = @saved_cs_client */;

--
-- Dumping data for table `customers`
--

LOCK TABLES `customers` WRITE;
/*!40000 ALTER TABLE `customers` DISABLE KEYS */;
INSERT INTO `customers` VALUES (1,'Norma Fisher','4759 William Haven Apt. 194, West Corey, TX 43780','815.659.3877x84','cortezraymond@garrett.com','1975-11-29','pZjZI51393','200708262468',NULL),(2,'Calvin Cook','PSC 3989, Box 4719, APO AA 42056','001-342-320-947','nancymclean@villanueva.biz','2007-04-22','RLALr84833','643101033089',NULL),(3,'Sarah Sanchez','352 Simmons Circle, Port Dustinbury, OK 83627','+1-910-139-9161','johnsonandrew@gmail.com','1967-09-29','BNgqe73008','178257865849',NULL),(4,'Brian Mcneil','792 Tammy Centers Apt. 258, Davidmouth, HI 02231','698.456.4280x71','johnbenton@yahoo.com','2000-10-31','TtyVA45992','816524681435',NULL),(5,'Jerome Page','69602 Brown Squares Apt. 787, North Troyport, NH 07035','(381)206-6503x0','franklinjames@ramirez-good.com','1991-09-05','ZYhqi61047','674037699201',NULL),(6,'David Edwards','977 Watson Plain, East Nicholas, AL 18648','(455)515-9004','tinaroberts@hays-anderson.com','1991-11-05','Uetzv30428','556551697121',NULL),(7,'Brian Jimenez','229 Drake Route Apt. 113, North Paul, MO 73439','477.936.1534x92','shortmelissa@leach.com','1967-05-28','ZnNjg76430','603361448480',NULL),(8,'Jared Frazier','577 Amy Forges Apt. 555, New Eddieview, WY 20935','(947)118-0132x0','laurenmelton@yahoo.com','1984-07-31','KfRYZ86880','935448441412',NULL),(9,'William Bruce','Unit 9930 Box 0248, DPO AP 33853','174-466-6022x34','mthomas@hotmail.com','1964-11-12',NULL,'867397027320',NULL),(10,'Brian Osborne','518 Lee Tunnel, Rodriguezton, UT 61736','+1-519-426-4183','stanleyclarke@gmail.com','1962-05-08','QKKno07408','950805001904',NULL),(11,'Keith Livingston','USCGC Brown, FPO AA 20968','001-076-607-541','gregory35@gmail.com','1999-11-29','VasxS23031','356000873871',NULL),(12,'Chelsea Rodriguez','03557 Phillips Wells Suite 291, New Beverlyburgh, FL 16915','583.324.5602','emiller@fisher.biz','1968-12-29','pCOxO96451','683896216545',NULL),(13,'Jason Butler','3547 Stephanie Underpass Apt. 418, Port Jacqueline, HI 55774','(237)582-5717x3','robinsondanny@hotmail.com','1979-10-22','fRFWo89267','939853971754',NULL),(14,'Joseph Perkins','454 Caitlin Camp, Port Joseside, DE 69993','216.448.2983','isosa@figueroa-strong.com','1979-03-15',NULL,'509921834673',NULL),(15,'Brenda Barnett','637 Neal Island Suite 074, Lake Tyler, RI 28775','5760811605','oliveryvonne@lyons.org','1978-11-27','ykvAP31675','855472725657',NULL),(16,'Cody Bailey','Unit 6763 Box 3739, DPO AP 07027','(031)250-2394x9','oellis@hotmail.com','1994-06-08',NULL,'737504592073',NULL),(17,'Anthony Bailey','16396 Shawn Junction, New Nicolemouth, ND 60236','408-035-1385x33','timothy30@yahoo.com','1996-11-15','dZAFD10777','230739270949',NULL),(18,'Billy Simmons','23732 Michael Island Suite 184, Lake Kenneth, NY 79756','844.301.9126x33','htrevino@brewer-wilson.org','1983-09-26',NULL,'839720339194',NULL),(19,'Cynthia Fuller','08855 Lisa Wells, Mooreburgh, CA 18271','001-379-332-365','tracy40@peters.info','1992-01-15','MzTmu85142','421200713001',NULL),(20,'Anthony Johnson','7345 Kevin Knolls, Lake Crystalstad, NM 82791','0300351056','shanethomas@thompson-murphy.biz','1985-05-09','ZVRTD06488','146209922616',NULL),(21,'Sean Palmer','53230 Julia Villages, Lake Christian, PA 14087','+1-729-904-5600','stephenromero@gmail.com','1986-11-08','tHsJE54760','138557328068',NULL),(22,'Jennifer Crawford','9438 Hughes Village, Jasonshire, IA 77328','+1-852-250-9092','kburke@gmail.com','1968-11-21','aUEQQ90725','382517011957',NULL),(23,'Amy Fowler','4440 Osborne Viaduct Suite 488, Veronicaborough, WY 57084','(082)965-7086','coxtina@frazier.com','2002-01-13','rlWAe70393','592087891761',NULL),(24,'Tanya Walters','USNV Kim, FPO AA 80414','140-704-3666x60','mark06@mccall-taylor.com','1997-10-28',NULL,'481672048612',NULL),(25,'Benjamin Love','50562 Russell Divide Apt. 648, East Davidberg, NJ 92947','+1-080-862-5911','isabella44@hotmail.com','1990-05-17','OLlPG27820','446851645707',NULL),(26,'Gene Rios','185 Lisa Common, South Cathyshire, MA 50054','512.502.2059x30',NULL,'1985-10-26','AdCwM09251','782478211790',NULL),(27,'Dennis Avery','05026 Marcus Turnpike, Alvarezton, MO 34873','8115517028','smithmatthew@hotmail.com','2006-09-03','NvbEO22223','536705590853',NULL),(28,'Christopher Fisher','9029 Gloria Stravenue, East Andrew, MD 67359','0019922606','jennifer25@hotmail.com','1974-01-21','KQwgB86126','580588390622',NULL),(29,'Kevin Houston','Unit 8580 Box 9973, DPO AA 05783','+1-561-802-6066','genewells@gmail.com','1999-06-23','jOwXE48155','669642670927',NULL),(30,'Andrew Arnold','6352 Daniel Knolls Apt. 069, Fordland, NE 71923','001-822-232-308','langrobin@yahoo.com','1977-02-15','SjyVV25858','437393212587',NULL),(31,'Whitney Hess','09981 Caitlin Rapids, West Haleyburgh, CO 05222','1575175947','annawilcox@deleon.com','1961-01-24','CTRzq28693','744336014943',NULL),(32,'Angie Chapman','79148 Pierce Lock Suite 423, Erikberg, CA 09478','696.814.7314x25','brendagonzalez@atkins.org','1992-09-05','gRapo17855','443529687366',NULL),(33,'Eric Henderson','34375 Cruz Curve Apt. 658, Perezstad, MI 57113','564-174-1725x32','danielreyes@yahoo.com','1990-12-11',NULL,'609011754920',NULL),(34,'Joseph Smith','60906 Joseph Stream Suite 212, Anthonyton, MS 70569','2199317308','herrerasara@gmail.com','1987-08-01','yWcNr67063','740072760288',NULL),(35,'Tony Espinoza','263 Harris Pass, New Danielfort, NY 59180','278.526.4619x85','timothy60@cummings-smith.biz','1989-09-01','EjoCs36347','818805628445',NULL),(36,'Dr. Charles Decker','8102 Johnson Ways, Port Rachel, TX 25094','(732)605-8352x8','knolan@george.com','1992-07-03','cdipC95830','842488848506',NULL),(37,'Corey Watson PhD','5712 Karen Terrace Apt. 678, West Janet, MO 27675','699-683-0287','estephens@gmail.com','2000-06-21',NULL,'907325149523',NULL),(38,'Adrian Barnes DDS','90985 Steven Creek, Ramirezbury, MS 98277','539.410.2599x71','bdaniel@gmail.com','1988-11-11',NULL,'832752151465',NULL),(39,'Deborah Wilson','880 Robertson Bridge, South Lori, KS 43961','(519)861-4918','toddmeyer@reed.com','1971-05-16','wkrUw36397','337085599572',NULL),(40,'Erin Brennan','19041 Jennifer Flats Suite 716, Martinezshire, MD 23325','364-000-4155x84',NULL,'2006-06-04','YyArL82490','375846163825',NULL),(41,'Anthony Mccarthy','14122 Smith Terrace, Aliciaville, IA 66015','466-702-8533x23','amy23@butler.com','1997-06-02','XtZYT29238','124661636513',NULL),(42,'James Fox','010 Julie Mission, Tracistad, MO 34350','001-129-330-081','georgemichael@yahoo.com','1984-04-15',NULL,'651032936927',NULL),(43,'Dawn Johnson','657 Alexander Mountains, Sharonmouth, SC 79549','(696)849-3363x4','qstark@turner-escobar.net','1962-11-11',NULL,'902254611880',NULL),(44,'David Vazquez','0329 Rebecca Shore, Chelseaview, TX 86571','0924367551','lyonskayla@gmail.com','1999-09-22','mulYl84536','823686126282',NULL),(45,'Amy Merritt','164 Schultz Road, Lake Bryan, MD 86618','001-477-954-172',NULL,'2000-09-08','XiRQX76296','223641618334',NULL),(46,'Ashley Lopez','USNV Parks, FPO AE 90229','001-644-158-810','ublackwell@hotmail.com','1968-11-13','nAbdM16930','541445397964',NULL),(47,'Jill Daniels','392 Barbara Heights, Johnnyfurt, AL 83909','8104228215','mary59@miller.com','1990-01-03',NULL,'848749432739',NULL),(48,'Ricardo Daniels','26852 Douglas Bypass, Newmanville, CA 69229','945-769-5978x53',NULL,'1961-11-14',NULL,'524021519809',NULL),(49,'Jacob Wang','810 Williams Lakes, West Joseph, WV 55431','3752078264','robinmann@hotmail.com','2000-02-16','uBKXO29759','663259564346',NULL),(50,'Victor Herrera','3959 Marc Divide Suite 828, South Timothyburgh, MI 79830','187.346.4835','jessica03@gmail.com','2000-05-29','GsSFA28714','447093150905',NULL);
/*!40000 ALTER TABLE `customers` ENABLE KEYS */;
UNLOCK TABLES;

--
-- Table structure for table `documents`
--

DROP TABLE IF EXISTS `documents`;
/*!40101 SET @saved_cs_client     = @@character_set_client */;
/*!50503 SET character_set_client = utf8mb4 */;
CREATE TABLE `documents` (
  `document_id` int NOT NULL AUTO_INCREMENT,
  `document_type` varchar(50) DEFAULT NULL,
  `document_number` varchar(20) DEFAULT NULL,
  `customer_id` int DEFAULT NULL,
  PRIMARY KEY (`document_id`),
  KEY `customer_id` (`customer_id`),
  CONSTRAINT `documents_ibfk_1` FOREIGN KEY (`customer_id`) REFERENCES `bank_customers` (`customer_id`)
) ENGINE=InnoDB AUTO_INCREMENT=103 DEFAULT CHARSET=utf8mb4 COLLATE=utf8mb4_0900_ai_ci;
/*!40101 SET character_set_client = @saved_cs_client */;

--
-- Dumping data for table `documents`
--

LOCK TABLES `documents` WRITE;
/*!40000 ALTER TABLE `documents` DISABLE KEYS */;
INSERT INTO `documents` VALUES (1,'Passport','DOC0521859',1),(2,'Aadhaar','DOC3181789',2),(3,'Aadhaar','DOC7459130',3),(4,'Aadhaar','DOC6485395',4),(5,'PAN Card','DOC4172017',5),(6,'PAN Card','DOC4547055',6),(7,'Aadhaar','DOC3555630',7),(8,'PAN Card','DOC6984690',8),(9,'PAN Card','DOC8150621',9),(10,'PAN Card','DOC2084353',10),(11,'Passport','DOC9136540',11),(12,'Passport','DOC1746327',12),(13,'PAN Card','DOC0202901',13),(14,'Passport','DOC5033744',14),(15,'Aadhaar','DOC9585798',15),(16,'PAN Card','DOC0323312',16),(17,'Passport','DOC1098199',17),(18,'Passport','DOC6776098',18),(19,'Passport','DOC5832948',19),(20,'Aadhaar','DOC4698079',20),(21,'PAN Card','DOC9364841',21),(22,'Aadhaar','DOC5948477',22),(23,'Aadhaar','DOC1945165',23),(24,'PAN Card','DOC0159183',24),(25,'PAN Card','DOC9000471',25),(26,'Passport','DOC8073484',26),(27,'Passport','DOC4369774',27),(28,'Aadhaar','DOC5099941',28),(29,'Passport','DOC5126745',29),(30,'Passport','DOC4932877',30),(31,'Aadhaar','DOC4711280',31),(32,'Passport','DOC4555065',32),(33,'PAN Card','DOC2470884',33),(34,'Passport','DOC5495150',34),(35,'Passport','DOC7925944',35),(36,'Passport','DOC7072353',36),(37,'Aadhaar','DOC1067690',37),(38,'PAN Card','DOC5007432',38),(39,'Aadhaar','DOC7168041',39),(40,'Aadhaar','DOC2004689',40),(41,'Passport','DOC4157954',41),(42,'Passport','DOC5308378',42),(43,'PAN Card','DOC0650831',43),(44,'Passport','DOC8308523',44),(45,'PAN Card','DOC9787627',45),(46,'PAN Card','DOC4205454',46),(47,'Aadhaar','DOC3600129',47),(48,'Aadhaar','DOC5920082',48),(49,'Aadhaar','DOC9212282',49),(50,'PAN Card','DOC6605459',50),(52,'Aadhaar','DOC1234567',52),(53,'Passport','DOC0521859',1),(54,'Aadhaar','DOC3181789',2),(55,'Aadhaar','DOC7459130',3),(56,'Aadhaar','DOC6485395',4),(57,'PAN Card','DOC4172017',5),(58,'PAN Card','DOC4547055',6),(59,'Aadhaar','DOC3555630',7),(60,'PAN Card','DOC6984690',8),(61,'PAN Card','DOC8150621',9),(62,'PAN Card','DOC2084353',10),(63,'Passport','DOC9136540',11),(64,'Passport','DOC1746327',12),(65,'PAN Card','DOC0202901',13),(66,'Passport','DOC5033744',14),(67,'Aadhaar','DOC9585798',15),(68,'PAN Card','DOC0323312',16),(69,'Passport','DOC1098199',17),(70,'Passport','DOC6776098',18),(71,'Passport','DOC5832948',19),(72,'Aadhaar','DOC4698079',20),(73,'PAN Card','DOC9364841',21),(74,'Aadhaar','DOC5948477',22),(75,'Aadhaar','DOC1945165',23),(76,'PAN Card','DOC0159183',24),(77,'PAN Card','DOC9000471',25),(78,'Passport','DOC8073484',26),(79,'Passport','DOC4369774',27),(80,'Aadhaar','DOC5099941',28),(81,'Passport','DOC5126745',29),(82,'Passport','DOC4932877',30),(83,'Aadhaar','DOC4711280',31),(84,'Passport','DOC4555065',32),(85,'PAN Card','DOC2470884',33),(86,'Passport','DOC5495150',34),(87,'Passport','DOC7925944',35),(88,'Passport','DOC7072353',36),(89,'Aadhaar','DOC1067690',37),(90,'PAN Card','DOC5007432',38),(91,'Aadhaar','DOC7168041',39),(92,'Aadhaar','DOC2004689',40),(93,'Passport','DOC4157954',41),(94,'Passport','DOC5308378',42),(95,'PAN Card','DOC0650831',43),(96,'Passport','DOC8308523',44),(97,'PAN Card','DOC9787627',45),(98,'PAN Card','DOC4205454',46),(99,'Aadhaar','DOC3600129',47),(100,'Aadhaar','DOC5920082',48),(101,'Aadhaar','DOC9212282',49),(102,'PAN Card','DOC6605459',50);
/*!40000 ALTER TABLE `documents` ENABLE KEYS */;
UNLOCK TABLES;

--
-- Table structure for table `nominees`
--

DROP TABLE IF EXISTS `nominees`;
/*!40101 SET @saved_cs_client     = @@character_set_client */;
/*!50503 SET character_set_client = utf8mb4 */;
CREATE TABLE `nominees` (
  `nominee_id` int NOT NULL AUTO_INCREMENT,
  `name` varchar(100) DEFAULT NULL,
  `relationship` varchar(50) DEFAULT NULL,
  `address` varchar(255) DEFAULT NULL,
  `customer_id` int DEFAULT NULL,
  PRIMARY KEY (`nominee_id`),
  KEY `customer_id` (`customer_id`),
  CONSTRAINT `nominees_ibfk_1` FOREIGN KEY (`customer_id`) REFERENCES `bank_customers` (`customer_id`)
) ENGINE=InnoDB AUTO_INCREMENT=103 DEFAULT CHARSET=utf8mb4 COLLATE=utf8mb4_0900_ai_ci;
/*!40101 SET character_set_client = @saved_cs_client */;

--
-- Dumping data for table `nominees`
--

LOCK TABLES `nominees` WRITE;
/*!40000 ALTER TABLE `nominees` DISABLE KEYS */;
INSERT INTO `nominees` VALUES (1,'Natalie Graves','Mother','05249 Parker Mall, Brooksland, CO 82833',1),(2,'William Bond','Father','919 Andrew Turnpike Apt. 419, Mckinneyshire, NC 26431',2),(3,'Christopher White','Mother','USNS Anderson, FPO AE 34301',3),(4,'Eric Navarro III','Mother','39058 Gregory Throughway Suite 194, North Patricia, IL 97538',4),(5,'April Martinez','Spouse','532 Stewart Mills, Lake Dana, TX 93233',5),(6,'Gregory Nelson','Sister','48612 Wilson Ramp Apt. 827, South Jose, ND 26070',6),(7,'Cassandra Jones','Spouse','8056 Dunn Trail Apt. 049, Blackshire, IL 61935',7),(8,'William Davis','Father','203 John Rapid Suite 618, New James, CO 25596',8),(9,'Ariana Anderson','Sister','647 Michael Trafficway Apt. 037, New Evelyn, AL 19289',9),(10,'John Munoz','Brother','5419 Margaret Land Apt. 326, Port Andrew, FL 68291',10),(11,'Jacqueline Byrd','Mother','1533 Boyd Manors Suite 602, Jonesberg, ID 79453',11),(12,'Christopher Hernandez MD','Father','22786 Mary Hills, Berrystad, CT 13739',12),(13,'Joseph Johnson DDS','Brother','4948 Martin Road, Lake Lynnhaven, NM 85722',13),(14,'Dana Perez','Brother','299 Carlos Harbors, West Cindyshire, KS 76302',14),(15,'Andrew Jones','Sister','55466 Tonya Shoal Apt. 319, East Monique, NV 42401',15),(16,'Alexandra King','Sister','598 Bradshaw Hills, South Deborahview, SD 34818',16),(17,'Elizabeth Richardson','Spouse','704 Mcdonald Ville Apt. 204, Port Paulview, NM 62213',17),(18,'Jared Franklin','Spouse','035 Erickson Wall, Lake Anthonyport, RI 94947',18),(19,'Erin Chan','Brother','57725 Sweeney Lodge, Brandyland, NV 17673',19),(20,'Travis Warren','Spouse','61604 Kevin Pine Apt. 850, North Christopher, MA 59789',20),(21,'Dana Keith','Mother','276 Dakota Coves Suite 348, New Kimberlyland, ND 81308',21),(22,'Antonio Mccall','Sister','2274 Scott Village, New Nicholasville, ME 11362',22),(23,'Jane Scott','Father','988 Lopez Route Apt. 969, West Michael, NJ 82930',23),(24,'Nancy Gilmore','Brother','4223 Morris Brooks Suite 794, North Tina, VA 68338',24),(25,'Catherine Velasquez','Father','USNV Arnold, FPO AE 64928',25),(26,'John Ashley','Spouse','93172 Jennifer Square, Austinborough, NE 03492',26),(27,'Michelle Cooper','Father','PSC 3946, Box 7841, APO AE 11782',27),(28,'Mason James','Sister','7680 Reid Spring, Moorechester, MO 94106',28),(29,'Stephanie Saunders','Spouse','Unit 9478 Box 5469, DPO AP 22773',29),(30,'Jeff Benjamin','Mother','3609 Moore View, Wileyville, PA 04693',30),(31,'William Smith','Mother','624 Alexander Place Apt. 272, Lake Darrylport, ME 40059',31),(32,'Kevin Adams','Brother','43748 Nicholas Cliff, Williamsland, AL 39113',32),(33,'Aaron Weber','Spouse','1920 Laura Club, New Kimberlyville, CT 64363',33),(34,'Brian Robbins','Sister','125 Dixon Common, Lake Natashabury, VA 50064',34),(35,'Kelsey Nguyen','Spouse','3912 Horn Lakes Suite 585, North Aaronview, TX 91306',35),(36,'Steven Lopez','Spouse','244 Monica Extensions Suite 531, Thomasview, ID 83704',36),(37,'Michael Sanchez','Sister','6850 Hall Bypass, Medinaburgh, KS 06618',37),(38,'Debra Miller','Sister','43245 George Flats Apt. 640, Adamburgh, HI 53524',38),(39,'Joshua Gonzalez','Mother','Unit 8378 Box 7995, DPO AA 48370',39),(40,'Ricky Barnes','Spouse','690 Christina Park, Toddburgh, TX 56713',40),(41,'Jeremy Yu','Brother','1290 Bartlett Summit, North Wendy, HI 52658',41),(42,'Steven Fisher','Brother','7149 Scott Stravenue Suite 698, South Sharonhaven, ID 55797',42),(43,'Matthew Russell','Father','8140 Trevor Valleys, Vaughanstad, NJ 69172',43),(44,'Patrick Warner','Father','095 Kyle Cliff, North Frederick, NH 82929',44),(45,'Timothy Stewart','Sister','4758 Kimberly Lake, Phillipside, PA 13109',45),(46,'Carlos Taylor','Mother','00771 Donald Mountain Apt. 941, Michaelberg, NH 49079',46),(47,'Brian Garcia','Spouse','495 Kaylee Shoals Suite 663, South Melissafort, TN 65093',47),(48,'Brianna Pacheco','Mother','1275 Carter Valleys, Cooperburgh, DC 92892',48),(49,'Daniel Moore','Mother','521 Martin Knolls Apt. 165, Kyletown, TN 85643',49),(50,'Cody Abbott','Mother','84106 Peter Oval, Lake Donald, DE 20318',50),(52,'Neha Mehta','Spouse','101 Skyline Towers, Mumbai',52),(53,'Natalie Graves','Mother','05249 Parker Mall, Brooksland, CO 82833',1),(54,'William Bond','Father','919 Andrew Turnpike Apt. 419, Mckinneyshire, NC 26431',2),(55,'Christopher White','Mother','USNS Anderson, FPO AE 34301',3),(56,'Eric Navarro III','Mother','39058 Gregory Throughway Suite 194, North Patricia, IL 97538',4),(57,'April Martinez','Spouse','532 Stewart Mills, Lake Dana, TX 93233',5),(58,'Gregory Nelson','Sister','48612 Wilson Ramp Apt. 827, South Jose, ND 26070',6),(59,'Cassandra Jones','Spouse','8056 Dunn Trail Apt. 049, Blackshire, IL 61935',7),(60,'William Davis','Father','203 John Rapid Suite 618, New James, CO 25596',8),(61,'Ariana Anderson','Sister','647 Michael Trafficway Apt. 037, New Evelyn, AL 19289',9),(62,'John Munoz','Brother','5419 Margaret Land Apt. 326, Port Andrew, FL 68291',10),(63,'Jacqueline Byrd','Mother','1533 Boyd Manors Suite 602, Jonesberg, ID 79453',11),(64,'Christopher Hernandez MD','Father','22786 Mary Hills, Berrystad, CT 13739',12),(65,'Joseph Johnson DDS','Brother','4948 Martin Road, Lake Lynnhaven, NM 85722',13),(66,'Dana Perez','Brother','299 Carlos Harbors, West Cindyshire, KS 76302',14),(67,'Andrew Jones','Sister','55466 Tonya Shoal Apt. 319, East Monique, NV 42401',15),(68,'Alexandra King','Sister','598 Bradshaw Hills, South Deborahview, SD 34818',16),(69,'Elizabeth Richardson','Spouse','704 Mcdonald Ville Apt. 204, Port Paulview, NM 62213',17),(70,'Jared Franklin','Spouse','035 Erickson Wall, Lake Anthonyport, RI 94947',18),(71,'Erin Chan','Brother','57725 Sweeney Lodge, Brandyland, NV 17673',19),(72,'Travis Warren','Spouse','61604 Kevin Pine Apt. 850, North Christopher, MA 59789',20),(73,'Dana Keith','Mother','276 Dakota Coves Suite 348, New Kimberlyland, ND 81308',21),(74,'Antonio Mccall','Sister','2274 Scott Village, New Nicholasville, ME 11362',22),(75,'Jane Scott','Father','988 Lopez Route Apt. 969, West Michael, NJ 82930',23),(76,'Nancy Gilmore','Brother','4223 Morris Brooks Suite 794, North Tina, VA 68338',24),(77,'Catherine Velasquez','Father','USNV Arnold, FPO AE 64928',25),(78,'John Ashley','Spouse','93172 Jennifer Square, Austinborough, NE 03492',26),(79,'Michelle Cooper','Father','PSC 3946, Box 7841, APO AE 11782',27),(80,'Mason James','Sister','7680 Reid Spring, Moorechester, MO 94106',28),(81,'Stephanie Saunders','Spouse','Unit 9478 Box 5469, DPO AP 22773',29),(82,'Jeff Benjamin','Mother','3609 Moore View, Wileyville, PA 04693',30),(83,'William Smith','Mother','624 Alexander Place Apt. 272, Lake Darrylport, ME 40059',31),(84,'Kevin Adams','Brother','43748 Nicholas Cliff, Williamsland, AL 39113',32),(85,'Aaron Weber','Spouse','1920 Laura Club, New Kimberlyville, CT 64363',33),(86,'Brian Robbins','Sister','125 Dixon Common, Lake Natashabury, VA 50064',34),(87,'Kelsey Nguyen','Spouse','3912 Horn Lakes Suite 585, North Aaronview, TX 91306',35),(88,'Steven Lopez','Spouse','244 Monica Extensions Suite 531, Thomasview, ID 83704',36),(89,'Michael Sanchez','Sister','6850 Hall Bypass, Medinaburgh, KS 06618',37),(90,'Debra Miller','Sister','43245 George Flats Apt. 640, Adamburgh, HI 53524',38),(91,'Joshua Gonzalez','Mother','Unit 8378 Box 7995, DPO AA 48370',39),(92,'Ricky Barnes','Spouse','690 Christina Park, Toddburgh, TX 56713',40),(93,'Jeremy Yu','Brother','1290 Bartlett Summit, North Wendy, HI 52658',41),(94,'Steven Fisher','Brother','7149 Scott Stravenue Suite 698, South Sharonhaven, ID 55797',42),(95,'Matthew Russell','Father','8140 Trevor Valleys, Vaughanstad, NJ 69172',43),(96,'Patrick Warner','Father','095 Kyle Cliff, North Frederick, NH 82929',44),(97,'Timothy Stewart','Sister','4758 Kimberly Lake, Phillipside, PA 13109',45),(98,'Carlos Taylor','Mother','00771 Donald Mountain Apt. 941, Michaelberg, NH 49079',46),(99,'Brian Garcia','Spouse','495 Kaylee Shoals Suite 663, South Melissafort, TN 65093',47),(100,'Brianna Pacheco','Mother','1275 Carter Valleys, Cooperburgh, DC 92892',48),(101,'Daniel Moore','Mother','521 Martin Knolls Apt. 165, Kyletown, TN 85643',49),(102,'Cody Abbott','Mother','84106 Peter Oval, Lake Donald, DE 20318',50);
/*!40000 ALTER TABLE `nominees` ENABLE KEYS */;
UNLOCK TABLES;

--
-- Table structure for table `servicerequests`
--

DROP TABLE IF EXISTS `servicerequests`;
/*!40101 SET @saved_cs_client     = @@character_set_client */;
/*!50503 SET character_set_client = utf8mb4 */;
CREATE TABLE `servicerequests` (
  `service_id` int NOT NULL AUTO_INCREMENT,
  `service_type` varchar(100) DEFAULT NULL,
  `status` varchar(50) DEFAULT NULL,
  `customer_id` int DEFAULT NULL,
  PRIMARY KEY (`service_id`),
  KEY `customer_id` (`customer_id`),
  CONSTRAINT `servicerequests_ibfk_1` FOREIGN KEY (`customer_id`) REFERENCES `bank_customers` (`customer_id`)
) ENGINE=InnoDB AUTO_INCREMENT=103 DEFAULT CHARSET=utf8mb4 COLLATE=utf8mb4_0900_ai_ci;
/*!40101 SET character_set_client = @saved_cs_client */;

--
-- Dumping data for table `servicerequests`
--

LOCK TABLES `servicerequests` WRITE;
/*!40000 ALTER TABLE `servicerequests` DISABLE KEYS */;
INSERT INTO `servicerequests` VALUES (1,'Account Closure','Open',1),(2,'Cheque Book','Closed',2),(3,'Account Closure','In Progress',3),(4,'Statement','Closed',4),(5,'Cheque Book','In Progress',5),(6,'Cheque Book','Closed',6),(7,'Account Closure','Open',7),(8,'Statement','In Progress',8),(9,'Statement','In Progress',9),(10,'Account Closure','Closed',10),(11,'Cheque Book','Open',11),(12,'Account Closure','Open',12),(13,'Cheque Book','Open',13),(14,'Cheque Book','Open',14),(15,'Statement','Open',15),(16,'Statement','Closed',16),(17,'Cheque Book','Open',17),(18,'Account Closure','Closed',18),(19,'Statement','In Progress',19),(20,'Statement','In Progress',20),(21,'Account Closure','Open',21),(22,'Account Closure','Open',22),(23,'Account Closure','In Progress',23),(24,'Account Closure','Open',24),(25,'Account Closure','Closed',25),(26,'Cheque Book','Closed',26),(27,'Account Closure','In Progress',27),(28,'Statement','Closed',28),(29,'Statement','In Progress',29),(30,'Account Closure','Open',30),(31,'Cheque Book','In Progress',31),(32,'Cheque Book','In Progress',32),(33,'Cheque Book','Closed',33),(34,'Account Closure','In Progress',34),(35,'Statement','Closed',35),(36,'Cheque Book','Closed',36),(37,'Statement','Closed',37),(38,'Statement','Closed',38),(39,'Statement','Open',39),(40,'Cheque Book','In Progress',40),(41,'Cheque Book','Open',41),(42,'Statement','In Progress',42),(43,'Statement','Open',43),(44,'Cheque Book','Closed',44),(45,'Statement','Open',45),(46,'Statement','In Progress',46),(47,'Account Closure','Open',47),(48,'Account Closure','In Progress',48),(49,'Cheque Book','Closed',49),(50,'Statement','Open',50),(52,'Cheque Book','Open',52),(53,'Account Closure','Open',1),(54,'Cheque Book','Closed',2),(55,'Account Closure','In Progress',3),(56,'Statement','Closed',4),(57,'Cheque Book','In Progress',5),(58,'Cheque Book','Closed',6),(59,'Account Closure','Open',7),(60,'Statement','In Progress',8),(61,'Statement','In Progress',9),(62,'Account Closure','Closed',10),(63,'Cheque Book','Open',11),(64,'Account Closure','Open',12),(65,'Cheque Book','Open',13),(66,'Cheque Book','Open',14),(67,'Statement','Open',15),(68,'Statement','Closed',16),(69,'Cheque Book','Open',17),(70,'Account Closure','Closed',18),(71,'Statement','In Progress',19),(72,'Statement','In Progress',20),(73,'Account Closure','Open',21),(74,'Account Closure','Open',22),(75,'Account Closure','In Progress',23),(76,'Account Closure','Open',24),(77,'Account Closure','Closed',25),(78,'Cheque Book','Closed',26),(79,'Account Closure','In Progress',27),(80,'Statement','Closed',28),(81,'Statement','In Progress',29),(82,'Account Closure','Open',30),(83,'Cheque Book','In Progress',31),(84,'Cheque Book','In Progress',32),(85,'Cheque Book','Closed',33),(86,'Account Closure','In Progress',34),(87,'Statement','Closed',35),(88,'Cheque Book','Closed',36),(89,'Statement','Closed',37),(90,'Statement','Closed',38),(91,'Statement','Open',39),(92,'Cheque Book','In Progress',40),(93,'Cheque Book','Open',41),(94,'Statement','In Progress',42),(95,'Statement','Open',43),(96,'Cheque Book','Closed',44),(97,'Statement','Open',45),(98,'Statement','In Progress',46),(99,'Account Closure','Open',47),(100,'Account Closure','In Progress',48),(101,'Cheque Book','Closed',49),(102,'Statement','Open',50);
/*!40000 ALTER TABLE `servicerequests` ENABLE KEYS */;
UNLOCK TABLES;

--
-- Dumping routines for database 'bank_db'
--
/*!40103 SET TIME_ZONE=@OLD_TIME_ZONE */;

/*!40101 SET SQL_MODE=@OLD_SQL_MODE */;
/*!40014 SET FOREIGN_KEY_CHECKS=@OLD_FOREIGN_KEY_CHECKS */;
/*!40014 SET UNIQUE_CHECKS=@OLD_UNIQUE_CHECKS */;
/*!40101 SET CHARACTER_SET_CLIENT=@OLD_CHARACTER_SET_CLIENT */;
/*!40101 SET CHARACTER_SET_RESULTS=@OLD_CHARACTER_SET_RESULTS */;
/*!40101 SET COLLATION_CONNECTION=@OLD_COLLATION_CONNECTION */;
/*!40111 SET SQL_NOTES=@OLD_SQL_NOTES */;

-- Dump completed on 2025-04-26  9:17:34
